﻿{
  "configurations": [
    {
      "name": "Linux-Debug",
      "generator": "Unix Makefiles",
      "remoteMachineName": "${defaultRemoteMachineName}",
      "configurationType": "Debug",
      "remoteCMakeListsRoot": "/var/tmp/src/${workspaceHash}/${name}",
      "cmakeExecutable": "/usr/bin",
      "buildRoot": "${env.USERPROFILE}\\CMakeBuilds\\${workspaceHash}\\build\\${name}",
      "installRoot": "${env.USERPROFILE}\\CMakeBuilds\\${workspaceHash}\\install\\${name}",
      "remoteBuildRoot": "/var/tmp/build/${workspaceHash}/build/${name}",
      "remoteInstallRoot": "/var/tmp/build/${workspaceHash}/install/${name}",
      "remoteCopySources": true,
      "remoteCopySourcesOutputVerbosity": "Normal",
      "remoteCopySourcesConcurrentCopies": "10",
      "remoteCopySourcesMethod": "rsync",
      "remoteCopySourcesExclusionList": [
        ".vs",
        ".git",
        "Bin",
        "build",
        "gui",
        "stc",
        "tools",
        "publish",
        "samples/DurangoUWP",
        "samples/UnrealEnginePlugin",
        "samples/WindowsVulkan",
        "samples/WindowsD3D12"
      ],
      "rsyncCommandArgs": "-t --delete --delete-excluded",
      "remoteCopyBuildOutput": false,
      "cmakeCommandArgs": "",
      "buildCommandArgs": "",
      "ctestCommandArgs": "",
      "inheritEnvironments": [
        "linux_x64"
      ]
    }
  ]
}